{
  "Total" : {
    "transaction" : "Total",
    "sampleCount" : 1000,
    "errorCount" : 0,
    "errorPct" : 0.0,
    "meanResTime" : 24401.815999999973,
    "medianResTime" : 27861.0,
    "minResTime" : 6039.0,
    "maxResTime" : 46159.0,
    "pct1ResTime" : 34951.5,
    "pct2ResTime" : 38422.74999999999,
    "pct3ResTime" : 44974.89,
    "throughput" : 21.641742593113598,
    "receivedKBytesPerSec" : 9624.023606576115,
    "sentKBytesPerSec" : 2.4093346246239746
  },
  "HTTP Request" : {
    "transaction" : "HTTP Request",
    "sampleCount" : 1000,
    "errorCount" : 0,
    "errorPct" : 0.0,
    "meanResTime" : 24401.815999999973,
    "medianResTime" : 27861.0,
    "minResTime" : 6039.0,
    "maxResTime" : 46159.0,
    "pct1ResTime" : 34951.5,
    "pct2ResTime" : 38422.74999999999,
    "pct3ResTime" : 44974.89,
    "throughput" : 21.641742593113598,
    "receivedKBytesPerSec" : 9624.023606576115,
    "sentKBytesPerSec" : 2.4093346246239746
  }
}