{
  "Total" : {
    "transaction" : "Total",
    "sampleCount" : 100,
    "errorCount" : 0,
    "errorPct" : 0.0,
    "meanResTime" : 3019.9700000000016,
    "medianResTime" : 2938.5,
    "minResTime" : 1528.0,
    "maxResTime" : 5400.0,
    "pct1ResTime" : 4346.1,
    "pct2ResTime" : 4635.999999999999,
    "pct3ResTime" : 5397.709999999999,
    "throughput" : 17.758835020422662,
    "receivedKBytesPerSec" : 7897.601065807583,
    "sentKBytesPerSec" : 1.9770578050079914
  },
  "HTTP Request" : {
    "transaction" : "HTTP Request",
    "sampleCount" : 100,
    "errorCount" : 0,
    "errorPct" : 0.0,
    "meanResTime" : 3019.9700000000016,
    "medianResTime" : 2938.5,
    "minResTime" : 1528.0,
    "maxResTime" : 5400.0,
    "pct1ResTime" : 4346.1,
    "pct2ResTime" : 4635.999999999999,
    "pct3ResTime" : 5397.709999999999,
    "throughput" : 17.758835020422662,
    "receivedKBytesPerSec" : 7897.601065807583,
    "sentKBytesPerSec" : 1.9770578050079914
  }
}